{"bits": 8, "length": 436, "sample_rate": 22050, "samples_per_pixel": 1102, "data": [-0.021052631578947368, 0.031578947368421054, -0.021052631578947368, 0.031578947368421054, -0.031578947368421054, 0.042105263157894736, -0.042105263157894736, 0.042105263157894736, -0.031578947368421054, 0.031578947368421054, -0.021052631578947368, 0.031578947368421054, -0.021052631578947368, 0.05263157894736842, -0.021052631578947368, 0.031578947368421054, -0.031578947368421054, 0.042105263157894736, -0.021052631578947368, 0.031578947368421054, 0.0, 0.021052631578947368, -0.010526315789473684, 0.021052631578947368, -0.021052631578947368, 0.031578947368421054, -0.010526315789473684, 0.031578947368421054, -0.021052631578947368, 0.031578947368421054, -0.010526315789473684, 0.031578947368421054, -0.010526315789473684, 0.031578947368421054, -0.010526315789473684, 0.031578947368421054, -0.021052631578947368, 0.031578947368421054, -0.021052631578947368, 0.031578947368421054, -0.021052631578947368, 0.042105263157894736, -0.042105263157894736, 0.05263157894736842, -0.021052631578947368, 0.031578947368421054, -0.021052631578947368, 0.042105263157894736, -0.031578947368421054, 0.042105263157894736, -0.031578947368421054, 0.05263157894736842, -0.9894736842105263, 1.0, -0.5052631578947369, 0.47368421052631576, -0.5578947368421052, 0.45263157894736844, -0.5157894736842106, 0.4421052631578947, -0.5157894736842106, 0.45263157894736844, -0.47368421052631576, 0.43157894736842106, -0.45263157894736844, 0.4, -0.4842105263157895, 0.4105263157894737, -0.5263157894736842, 0.4421052631578947, -0.5473684210526316, 0.4421052631578947, -0.5578947368421052, 0.42105263157894735, -0.5368421052631579, 0.37894736842105264, -0.5368421052631579, 0.3684210526315789, -0.5157894736842106, 0.37894736842105264, -0.47368421052631576, 0.42105263157894735, -0.4631578947368421, 0.43157894736842106, -0.42105263157894735, 0.42105263157894735, -0.4, 0.42105263157894735, -0.37894736842105264, 0.4105263157894737, -0.3473684210526316, 0.3894736842105263, -0.30526315789473685, 0.3684210526315789, -0.28421052631578947, 0.3473684210526316, -0.2631578947368421, 0.3263157894736842, -0.29473684210526313, 0.3684210526315789, -0.30526315789473685, 0.37894736842105264, -0.7263157894736842, 0.5894736842105263, -0.42105263157894735, 0.4, -0.3684210526315789, 0.3684210526315789, -0.35789473684210527, 0.4, -0.35789473684210527, 0.37894736842105264, -0.3263157894736842, 0.37894736842105264, -0.3263157894736842, 0.42105263157894735, -0.3473684210526316, 0.4421052631578947, -0.3473684210526316, 0.49473684210526314, -0.3368421052631579, 0.5157894736842106, -0.35789473684210527, 0.5157894736842106, -0.29473684210526313, 0.4631578947368421, -0.6105263157894737, 0.5578947368421052, -0.6842105263157895, 0.6210526315789474, -0.5789473684210527, 0.5473684210526316, -0.4421052631578947, 0.5684210526315789, -0.3473684210526316, 0.45263157894736844, -0.37894736842105264, 0.4842105263157895, -0.3473684210526316, 0.4842105263157895, -0.37894736842105264, 0.4842105263157895, -0.4, 0.4631578947368421, -0.6736842105263158, 0.5578947368421052, -0.5894736842105263, 0.49473684210526314, -0.5894736842105263, 0.4631578947368421, -0.5789473684210527, 0.4631578947368421, -0.5157894736842106, 0.5263157894736842, -0.43157894736842106, 0.5052631578947369, -0.45263157894736844, 0.4842105263157895, -0.49473684210526314, 0.4421052631578947, -0.42105263157894735, 0.42105263157894735, -0.42105263157894735, 0.43157894736842106, -0.4421052631578947, 0.49473684210526314, -0.4105263157894737, 0.3157894736842105, -0.37894736842105264, 0.30526315789473685, -0.3894736842105263, 0.3368421052631579, -0.35789473684210527, 0.4105263157894737, -0.3894736842105263, 0.37894736842105264, -0.4, 0.3684210526315789, -0.3684210526315789, 0.37894736842105264, -0.3894736842105263, 0.37894736842105264, -0.37894736842105264, 0.42105263157894735, -0.5684210526315789, 0.5684210526315789, -0.5368421052631579, 0.5473684210526316, -0.42105263157894735, 0.6, -0.5473684210526316, 0.5578947368421052, -0.35789473684210527, 0.5789473684210527, -0.5578947368421052, 0.5052631578947369, -0.37894736842105264, 0.4421052631578947, -0.42105263157894735, 0.42105263157894735, -0.49473684210526314, 0.4105263157894737, -0.4421052631578947, 0.4842105263157895, -0.4421052631578947, 0.3894736842105263, -0.4421052631578947, 0.5368421052631579, -0.42105263157894735, 0.3894736842105263, -0.37894736842105264, 0.49473684210526314, -0.28421052631578947, 0.29473684210526313, -0.3368421052631579, 0.4105263157894737, -0.45263157894736844, 0.4842105263157895, -0.5368421052631579, 0.4842105263157895, -0.3894736842105263, 0.45263157894736844, -0.5684210526315789, 0.5368421052631579, -0.5894736842105263, 0.4631578947368421, -0.5789473684210527, 0.42105263157894735, -0.49473684210526314, 0.49473684210526314, -0.5578947368421052, 0.4842105263157895, -0.4105263157894737, 0.3368421052631579, -0.5263157894736842, 0.5052631578947369, -0.43157894736842106, 0.3684210526315789, -0.45263157894736844, 0.4421052631578947, -0.47368421052631576, 0.5263157894736842, -0.37894736842105264, 0.42105263157894735, -0.5157894736842106, 0.49473684210526314, -0.4, 0.35789473684210527, -0.5263157894736842, 0.4842105263157895, -0.4421052631578947, 0.3473684210526316, -0.5052631578947369, 0.49473684210526314, -0.6736842105263158, 0.6, -0.6421052631578947, 0.6105263157894737, -0.49473684210526314, 0.5684210526315789, -0.49473684210526314, 0.4842105263157895, -0.5578947368421052, 0.5578947368421052, -0.3894736842105263, 0.5789473684210527, -0.3368421052631579, 0.43157894736842106, -0.4421052631578947, 0.4842105263157895, -0.49473684210526314, 0.49473684210526314, -0.35789473684210527, 0.42105263157894735, -0.3684210526315789, 0.43157894736842106, -0.4105263157894737, 0.35789473684210527, -0.4842105263157895, 0.3684210526315789, -0.5789473684210527, 0.49473684210526314, -0.42105263157894735, 0.4, -0.42105263157894735, 0.3894736842105263, -0.5052631578947369, 0.45263157894736844, -0.5157894736842106, 0.42105263157894735, -0.49473684210526314, 0.4105263157894737, -0.4842105263157895, 0.3894736842105263, -0.42105263157894735, 0.4631578947368421, -0.4, 0.4105263157894737, -0.49473684210526314, 0.43157894736842106, -0.3894736842105263, 0.37894736842105264, -0.24210526315789474, 0.3157894736842105, -0.23157894736842105, 0.2736842105263158, -0.5052631578947369, 0.4631578947368421, -0.4105263157894737, 0.5684210526315789, -0.43157894736842106, 0.47368421052631576, -0.42105263157894735, 0.42105263157894735, -0.43157894736842106, 0.47368421052631576, -0.3894736842105263, 0.4, -0.5157894736842106, 0.4105263157894737, -0.49473684210526314, 0.3473684210526316, -0.45263157894736844, 0.3473684210526316, -0.5263157894736842, 0.3157894736842105, -0.47368421052631576, 0.35789473684210527, -0.43157894736842106, 0.28421052631578947, -0.4631578947368421, 0.28421052631578947, -0.42105263157894735, 0.5157894736842106, -0.43157894736842106, 0.37894736842105264, -0.3894736842105263, 0.4, -0.4, 0.42105263157894735, -0.3684210526315789, 0.45263157894736844, -0.3473684210526316, 0.42105263157894735, -0.4105263157894737, 0.4631578947368421, -0.3473684210526316, 0.4105263157894737, -0.4, 0.3894736842105263, -0.43157894736842106, 0.4, -0.3263157894736842, 0.47368421052631576, -0.4842105263157895, 0.6210526315789474, -0.4631578947368421, 0.5684210526315789, -0.7473684210526316, 0.5473684210526316, -0.47368421052631576, 0.5052631578947369, -0.5263157894736842, 0.3894736842105263, -0.4842105263157895, 0.49473684210526314, -0.49473684210526314, 0.47368421052631576, -0.43157894736842106, 0.5052631578947369, -0.4631578947368421, 0.43157894736842106, -0.4631578947368421, 0.4842105263157895, -0.42105263157894735, 0.5263157894736842, -0.4842105263157895, 0.5157894736842106, -0.4421052631578947, 0.4421052631578947, -0.3684210526315789, 0.4, -0.42105263157894735, 0.4, -0.3263157894736842, 0.3263157894736842, -0.4105263157894737, 0.4105263157894737, -0.5157894736842106, 